{ "label": "Adani Green Energy Ltd.", "field": "ADANIGREEN" }, { "label": "Adani Power Ltd.", "field": "ADANIPOWER" }, { "label": "Adani Transmission Ltd.", "field": "ADANITRANS" }, { "label": "Adani Ports and Special Economic Zone Ltd.", "field": "ADANIPORTS" }, { "label": "Adani Wilmar Ltd.", "field": "AWL" }, { "label": "Adani Enterprises Ltd.", "field": "ADANIENT" }, { "label": "Adani Total Gas Ltd.", "field": "ATGL" }, { "label": "Reliance Industries Ltd.", "field": "RELIANCE" }, { "label": "Cipla Ltd.", "field": "CIPLA" }, { "label": "Ram Ratna Wires Ltd.", "field": "RAMRAT" }, { "label": "Ambuja Cements Ltd.", "field": "AMBUJACEM" }, { "label": "ITC Ltd.", "field": "ITC" }, 
	{ "label": "Golkunda Diamonds & Jewellery Ltd.", "field": "523676" }, { "label": "Infosys Ltd.", "field": "INFY" }, { "label": "Suzlon Energy Ltd.", "field": "SUZLON" }, { "label": "Tata Steel Ltd.", "field": "TATASTEEL" }, { "label": "Tata Chemicals Ltd.", "field": "TATACHEM" }, { "label": "Hindustan Construction Company Ltd.", "field": "HCC" },{ "label": "Vivimed Labs Ltd.", "field": "VIVIMEDLAB" }, { "label": "HDFC Bank Ltd.", "field": "HDFCBANK" }, { "label": "ICICI Bank Ltd.", "field": "ICICIBANK" }, { "label": "The Federal Bank Ltd.", "field": "FEDERALBNK" }, { "label": "Wipro Ltd.", "field": "WIPRO" }, { "label": "Tata Motors Ltd.", "field": "TATAMOTORS" }, { "label": "Divi's Laboratories Ltd.", "field": "DIVISLAB" }, { "label": "Grasim Industries Ltd.", "field": "GRASIM" },{ "label": "Vinyl Chemicals (India) Ltd.", "field": "VINYLINDIA" },{ "label": "Varroc Engineering Ltd.", "field": "VARROC" },{"label":"Ambani Organics Ltd.","field":"AMBANIORG"},{"label":"Cipla Ltd.","field":"CIPLA"},{"label":"Ambuja Cements Ltd.","field":"AMBUJACEM"},{"label":"Titan Company Ltd.","field":"TITAN"},{"label":"Yes Bank Ltd.","field":"YESBANK"},{"label":"Axis Bank Ltd.","field":"AXISBANK"},{"label":"Jubilant FoodWorks Ltd.","field":"JUBLFOOD"},{"label":"Biocon Ltd.","field":"BIOCON"},{"label":"Info Edge (India) Ltd.","field":"NAUKRI"},{"label":"Havells India Ltd.","field":"HAVELLS"},{"label":"Tech Mahindra Ltd.","field":"TECHM"},{"label":"Wipro Ltd.","field":"WIPRO"},{"label":"HCL Technologies Ltd.","field":"HCLTECH"},{"label":"Muthoot Finance Ltd.","field":"MUTHOOTFIN"},{"label":"Yes Bank Ltd.","field":"YESBANK"},{"label":"Kotak Mahindra Bank Ltd.","field":"KOTAKBANK"},{"label":"Sun Pharmaceutical Industries Ltd.","field":"SUNPHARMA"},{"label":"Nestle India Ltd.","field":"NESTLEIND"},{"label":"Ultratech Cement Ltd.","field":"ULTRACEMCO"},{"label":"Adani Ports and Special Economic Zone Ltd.","field":"ADANIPORTS"},{"label":"SBI Life Insurance Company Ltd.","field":"SBILIFE"},{"label":"Hindustan Zinc Ltd.","field":"HINDZINC"},{"label":"Grasim Industries Ltd.","field":"GRASIM"},{"label":"Siemens Ltd.","field":"SIEMENS"},{"label":"Tech Mahindra Ltd.","field":"TECHM"},{"label":"Titan Company Ltd.","field":"TITAN"},{"label":"Avenue Supermarts Ltd.","field":"DMART"},{"label":"United Breweries Ltd.","field":"UBL"},{"label":"IDFC First Bank Ltd.","field":"IDFCFIRSTB"},{"label":"IDBI Bank Ltd.","field":"IDBI"},{"label":"IDFC First Bank Ltd.","field":"IDFCFIRSTB"},{"label":"Lupin Ltd.","field":"LUPIN"},{"label":"Power Grid Corporation Of India Ltd.","field":"POWERGRID"},{"label":"Cholamandalam Investment and Finance Company Ltd.","field":"CHOLAFIN"},{"label":"Hindcon Chemicals Ltd.","field":"HINDCON"},{"label":"Shemaroo Entertainment Ltd.","field":"SHEMAROO"},{"label":"Apollo Micro Systems Ltd.","field":"APOLLO"},{"label":"Mahalaxmi Rubtech Ltd.","field":"MHLXMIRU"},{"label":"3P Land Holdings Ltd.","field":"3PLAND"},{"label":"Atlanta Ltd.","field":"ATLANTA"},{"label":"Indian Bank","field":"INDIANB"},{"label":"Punjab National Bank","field":"PNB"},{"label":"Reliance Industries Ltd.","field":"RELIANCE"},{"label":"Indo-National Ltd.","field":"NIPPOBATRY"},{"label":"Alkali Metals Ltd.","field":"ALKALI"},{"label":"Gokul Agro Resources Ltd.","field":"GOKULAGRO"},{"label":"Kuantum Papers Ltd.","field":"KUANTUM"},{"label":"Venus Pipes & Tubes Ltd.","field":"VENUSPIPES"},{"label":"Rajratan Global Wire Ltd.","field":"RAJRATAN"},{"label":"Total Transport Systems Ltd.","field":"TOTAL"},{"label":"Karur Vysya Bank Ltd.","field":"KARURVYSYA"},{"label":"Data Patterns (India) Ltd.","field":"DATAPATTNS"},{"label":"Canara Bank","field":"CANBK"}